 ID, Manager ID, Location ID, First Name, Last Name, Email, Role, Annual Salary, Hire Date
289350603,,1144840752,Bob,Williams,bob.williams@example.com,Manager,100000.0,2020-01-01 00:00:00 UTC
122346013,289350603,1144840752,John,Williams,john.williams@example.com,Contractor,50000.0,2022-01-01 00:00:00 UTC
519770588,289350603,1144840752,Alice,Brown,alice.brown@example.com,Contractor,100000.0,2020-01-01 00:00:00 UTC
742365891,289350603,1144840752,John,Smith,john.smith@example.com,Employee,100000.0,2021-01-01 00:00:00 UTC
2138075717,289350603,1144840752,Alice,Williams,alice.williams@example.com,Intern,75000.0,2020-01-01 00:00:00 UTC
1997519883,,1137426217,Bob,Williams,bob.williams@example.com,Manager,75000.0,2022-01-01 00:00:00 UTC
643793315,1997519883,1137426217,Bob,Brown,bob.brown@example.com,Contractor,75000.0,2022-01-01 00:00:00 UTC
943289491,1997519883,1137426217,Alice,Smith,alice.smith@example.com,Contractor,75000.0,2021-01-01 00:00:00 UTC
1507141089,1997519883,1137426217,John,Brown,john.brown@example.com,Employee,50000.0,2020-01-01 00:00:00 UTC
374742912,1997519883,1137426217,John,Smith,john.smith@example.com,Employee,100000.0,2021-01-01 00:00:00 UTC
1050508733,,1408913944,John,Williams,john.williams@example.com,Manager,100000.0,2020-01-01 00:00:00 UTC
1837155942,1050508733,1408913944,Bob,Brown,bob.brown@example.com,Contractor,50000.0,2022-01-01 00:00:00 UTC
81801061,1050508733,1408913944,Bob,Johnson,bob.johnson@example.com,Intern,50000.0,2022-01-01 00:00:00 UTC
517880878,1050508733,1408913944,Jane,Smith,jane.smith@example.com,Intern,75000.0,2020-01-01 00:00:00 UTC
1608037409,1050508733,1408913944,Alice,Smith,alice.smith@example.com,Intern,50000.0,2022-01-01 00:00:00 UTC
1439420165,,1886397906,Alice,Johnson,alice.johnson@example.com,Manager,50000.0,2022-01-01 00:00:00 UTC
1180861141,1439420165,1886397906,John,Williams,john.williams@example.com,Intern,50000.0,2020-01-01 00:00:00 UTC
1398229709,1439420165,1886397906,Jane,Johnson,jane.johnson@example.com,Employee,50000.0,2020-01-01 00:00:00 UTC
951775129,1439420165,1886397906,Jane,Johnson,jane.johnson@example.com,Contractor,100000.0,2021-01-01 00:00:00 UTC
840859815,1439420165,1886397906,Alice,Johnson,alice.johnson@example.com,Contractor,100000.0,2020-01-01 00:00:00 UTC
1224300936,1439420165,1886397906,Bob,Williams,bob.williams@example.com,Intern,100000.0,2022-01-01 00:00:00 UTC
1029413620,,2029903910,John,Brown,john.brown@example.com,Manager,75000.0,2020-01-01 00:00:00 UTC
126591564,1029413620,2029903910,Bob,Brown,bob.brown@example.com,Contractor,100000.0,2020-01-01 00:00:00 UTC
1157138452,1029413620,2029903910,Bob,Williams,bob.williams@example.com,Intern,50000.0,2022-01-01 00:00:00 UTC
895334175,1029413620,2029903910,John,Williams,john.williams@example.com,Employee,50000.0,2020-01-01 00:00:00 UTC
1816148921,1029413620,2029903910,Alice,Johnson,alice.johnson@example.com,Intern,100000.0,2022-01-01 00:00:00 UTC
1826904509,1029413620,2029903910,John,Johnson,john.johnson@example.com,Intern,50000.0,2020-01-01 00:00:00 UTC
1218790066,,458772028,Bob,BIXHIU PhD,bob.bixhiu phd@chemcorp.com,Plant Manager,150000.0,2020-01-01 00:00:00 UTC
567093117,1218790066,458772028,Alice,YIFEEG MD,alice.yifeeg md@chemcorp.com,Chemical Operator,85000.0,2020-01-01 00:00:00 UTC
2011624881,1218790066,458772028,David,DAFUON MD,david.dafuon md@chemcorp.com,Chemical Operator,85000.0,2020-01-01 00:00:00 UTC
730682174,1218790066,458772028,Alice,QEPGEE Sr.,alice.qepgee sr.@chemcorp.com,Quality Control,80000.0,2020-01-01 00:00:00 UTC
631090089,1218790066,458772028,Charlie,GEFTEA MD,charlie.geftea md@chemcorp.com,Process Engineer,110000.0,2022-03-15 00:00:00 UTC
2040432219,1218790066,458772028,Bob,FUMGOH MD,bob.fumgoh md@chemcorp.com,Chemical Operator,85000.0,2020-01-01 00:00:00 UTC
273056157,1218790066,458772028,Alice,EOAEOA Sr.,alice.eoaeoa sr.@chemcorp.com,Quality Control,80000.0,2020-01-01 00:00:00 UTC
785252162,1218790066,458772028,Bob,GOFVUA PhD,bob.gofvua phd@chemcorp.com,Quality Control,80000.0,2021-06-01 00:00:00 UTC
1810323897,1218790066,458772028,Bob,QUQLAX Esq.,bob.quqlax esq.@chemcorp.com,Safety Engineer,95000.0,2020-01-01 00:00:00 UTC
639105002,,2103319139,Alice,MEJGOI Esq.,alice.mejgoi esq.@chemcorp.com,Plant Manager,150000.0,2022-03-15 00:00:00 UTC
725827073,639105002,2103319139,Alice,OOSOIH PhD,alice.oosoih phd@chemcorp.com,Safety Engineer,95000.0,2022-03-15 00:00:00 UTC
1153985145,639105002,2103319139,Charlie,HOCPUD Esq.,charlie.hocpud esq.@chemcorp.com,Quality Control,80000.0,2021-06-01 00:00:00 UTC
602063032,639105002,2103319139,Charlie,BONPAJ Jr.,charlie.bonpaj jr.@chemcorp.com,Quality Control,80000.0,2022-03-15 00:00:00 UTC
2102123297,639105002,2103319139,Charlie,SONGOA Sr.,charlie.songoa sr.@chemcorp.com,Quality Control,80000.0,2020-01-01 00:00:00 UTC
1790492453,639105002,2103319139,Charlie,TOYNAV MD,charlie.toynav md@chemcorp.com,Quality Control,80000.0,2022-03-15 00:00:00 UTC
1522063614,639105002,2103319139,Alice,ZEZFAP PhD,alice.zezfap phd@chemcorp.com,Chemical Operator,85000.0,2021-06-01 00:00:00 UTC
2102281625,639105002,2103319139,Charlie,FUEBAG III,charlie.fuebag iii@chemcorp.com,Chemical Operator,85000.0,2022-03-15 00:00:00 UTC
2144162112,639105002,2103319139,Bob,JEYGEH Esq.,bob.jeygeh esq.@chemcorp.com,Safety Engineer,95000.0,2021-06-01 00:00:00 UTC
148375305,,506490516,David,WUQNOC Jr.,david.wuqnoc jr.@chemcorp.com,Plant Manager,150000.0,2020-01-01 00:00:00 UTC
536395996,148375305,506490516,Charlie,XOMWIS Esq.,charlie.xomwis esq.@chemcorp.com,Quality Control,80000.0,2022-03-15 00:00:00 UTC
409611738,148375305,506490516,Alice,JODOOG PhD,alice.jodoog phd@chemcorp.com,Chemical Operator,85000.0,2020-01-01 00:00:00 UTC
1248676580,148375305,506490516,Alice,YIENAB Sr.,alice.yienab sr.@chemcorp.com,Chemical Operator,85000.0,2022-03-15 00:00:00 UTC
1470653774,148375305,506490516,Alice,TEOPEB Esq.,alice.teopeb esq.@chemcorp.com,Quality Control,80000.0,2020-01-01 00:00:00 UTC
947847242,148375305,506490516,David,RUJYAS PhD,david.rujyas phd@chemcorp.com,Quality Control,80000.0,2020-01-01 00:00:00 UTC
198117708,148375305,506490516,Bob,FUUNET PhD,bob.fuunet phd@chemcorp.com,Chemical Operator,85000.0,2021-06-01 00:00:00 UTC
385607682,148375305,506490516,David,XETZEN Esq.,david.xetzen esq.@chemcorp.com,Quality Control,80000.0,2021-06-01 00:00:00 UTC
430730549,148375305,506490516,Alice,MUMDAL Sr.,alice.mumdal sr.@chemcorp.com,Process Engineer,110000.0,2022-03-15 00:00:00 UTC
1430042804,,1964562859,Bob,JIQEUT Jr.,bob.jiqeut jr.@mitsubashi.com,Property Manager,161653.8746144933,2023-01-01 00:00:00 UTC
1700800848,,1964562859,Alice,AUWYAC PhD,alice.auwyac phd@mitsubashi.com,Maintenance Staff,57136.6216883254,2023-01-01 00:00:00 UTC
842985739,,1964562859,Bob,KAUVOT Esq.,bob.kauvot esq.@mitsubashi.com,Maintenance Staff,56128.64889725218,2023-01-01 00:00:00 UTC
779560339,,1964562859,David,SAIUIL MD,david.saiuil md@mitsubashi.com,Maintenance Staff,91108.54838063152,2023-01-01 00:00:00 UTC
1926136144,,1964562859,Charlie,PUUMAN Jr.,charlie.puuman jr.@mitsubashi.com,Maintenance Staff,73004.39172371791,2023-01-01 00:00:00 UTC
415991586,,814108742,David,GEIREZ PhD,david.geirez phd@mitsubashi.com,Property Manager,139835.24727026653,2023-01-01 00:00:00 UTC
183912459,,814108742,Bob,CEDJEE Esq.,bob.cedjee esq.@mitsubashi.com,Maintenance Staff,83970.14899116673,2023-01-01 00:00:00 UTC
1999413319,,814108742,Alice,VOYZOT MD,alice.voyzot md@mitsubashi.com,Maintenance Staff,69623.33389831819,2023-01-01 00:00:00 UTC
496394850,,814108742,Alice,UUZWEE Esq.,alice.uuzwee esq.@mitsubashi.com,Maintenance Staff,79023.09175294008,2023-01-01 00:00:00 UTC
1680903068,,814108742,Charlie,KUTCIK Sr.,charlie.kutcik sr.@mitsubashi.com,Maintenance Staff,53191.85056419275,2023-01-01 00:00:00 UTC
1513461341,,1782648377,Alice,DUCTOP Esq.,alice.ductop esq.@mitsubashi.com,Property Manager,169595.47091609697,2023-01-01 00:00:00 UTC
1477611970,,1782648377,Bob,WINTET PhD,bob.wintet phd@mitsubashi.com,Maintenance Staff,53512.36528393479,2023-01-01 00:00:00 UTC
1676159195,,1782648377,Bob,CODHEC MD,bob.codhec md@mitsubashi.com,Maintenance Staff,81939.86445375532,2023-01-01 00:00:00 UTC
313015450,,1782648377,Bob,XAYNEQ MD,bob.xayneq md@mitsubashi.com,Maintenance Staff,52763.02812072999,2023-01-01 00:00:00 UTC
911489426,,1042418848,Bob,PEVKIY Sr.,bob.pevkiy sr.@mitsubashi.com,Property Manager,175650.622162643,2023-01-01 00:00:00 UTC
1587060820,,1042418848,Alice,JAYLUC Sr.,alice.jayluc sr.@mitsubashi.com,Maintenance Staff,58276.9966417381,2023-01-01 00:00:00 UTC
1280553571,,1042418848,Alice,GABNAX Sr.,alice.gabnax sr.@mitsubashi.com,Maintenance Staff,69628.68115047712,2023-01-01 00:00:00 UTC
1553023783,,1042418848,Charlie,FUFCUN Jr.,charlie.fufcun jr.@mitsubashi.com,Maintenance Staff,72826.03969674134,2023-01-01 00:00:00 UTC
1312868521,,703262002,Bob,HUDXAL Sr.,bob.hudxal sr.@mitsubashi.com,Property Manager,187422.7687764347,2023-01-01 00:00:00 UTC
709629170,,703262002,David,FECCEI PhD,david.feccei phd@mitsubashi.com,Maintenance Staff,84012.40590726375,2023-01-01 00:00:00 UTC
430829738,,703262002,Alice,OAJHEP Jr.,alice.oajhep jr.@mitsubashi.com,Maintenance Staff,98400.41298370955,2023-01-01 00:00:00 UTC
803563060,,703262002,Bob,DATBUU MD,bob.datbuu md@mitsubashi.com,Maintenance Staff,54661.958583239684,2023-01-01 00:00:00 UTC
667133215,,703262002,David,MIDSIP MD,david.midsip md@mitsubashi.com,Maintenance Staff,69155.47281554554,2023-01-01 00:00:00 UTC
225668339,,1342437977,Charlie,DEPPEF Esq.,charlie.deppef esq.@mitsubashi.com,Property Manager,181443.7167923756,2023-01-01 00:00:00 UTC
1417563248,,1342437977,Alice,QUPRAF Esq.,alice.qupraf esq.@mitsubashi.com,Maintenance Staff,84866.33854148923,2023-01-01 00:00:00 UTC
1903882414,,1342437977,David,EUDKIQ Jr.,david.eudkiq jr.@mitsubashi.com,Maintenance Staff,98814.99430449912,2023-01-01 00:00:00 UTC
1322979852,,1342437977,Alice,CAUEAQ Esq.,alice.caueaq esq.@mitsubashi.com,Maintenance Staff,88646.31410300659,2023-01-01 00:00:00 UTC
1656536255,,372292590,Alice,GAGGAV Esq.,alice.gaggav esq.@mitsubashi.com,Property Manager,172916.21351182504,2023-01-01 00:00:00 UTC
2013632978,,372292590,Alice,ZEDJOU PhD,alice.zedjou phd@mitsubashi.com,Maintenance Staff,69493.4678315137,2023-01-01 00:00:00 UTC
255359871,,372292590,Alice,AUXHEI PhD,alice.auxhei phd@mitsubashi.com,Maintenance Staff,82752.1171318177,2023-01-01 00:00:00 UTC
592987823,,372292590,Bob,YIQDON Sr.,bob.yiqdon sr.@mitsubashi.com,Maintenance Staff,56725.64147553877,2023-01-01 00:00:00 UTC
295825571,,639426634,David,CIWXIX Sr.,david.ciwxix sr.@mitsubashi.com,Property Manager,199623.80620831577,2023-01-01 00:00:00 UTC
1245441826,,639426634,Bob,LIVWAK Esq.,bob.livwak esq.@mitsubashi.com,Maintenance Staff,69497.23741367979,2023-01-01 00:00:00 UTC
649089865,,699058213,Bob,IOLAEK MD,bob.iolaek md@mitsubashi.com,Property Manager,141966.1894197622,2023-01-01 00:00:00 UTC
225749790,,699058213,Charlie,EEWNAA Jr.,charlie.eewnaa jr.@mitsubashi.com,Maintenance Staff,94050.452016701,2023-01-01 00:00:00 UTC
200622750,,1710316816,David,COAKAJ Esq.,david.coakaj esq.@mitsubashi.com,Property Manager,117700.3842360074,2023-01-01 00:00:00 UTC
83565582,,1710316816,Bob,HEQVEF PhD,bob.heqvef phd@mitsubashi.com,Maintenance Staff,60490.6861180994,2023-01-01 00:00:00 UTC
1748324092,,1710316816,David,ZOUEOZ MD,david.zoueoz md@mitsubashi.com,Maintenance Staff,74180.65368693747,2023-01-01 00:00:00 UTC
172744797,,1710316816,Alice,SUSFIF Esq.,alice.susfif esq.@mitsubashi.com,Maintenance Staff,79172.37552633404,2023-01-01 00:00:00 UTC
1489521001,,1710316816,David,CUACIN PhD,david.cuacin phd@mitsubashi.com,Maintenance Staff,97610.15000791507,2023-01-01 00:00:00 UTC
424268236,,1039203145,Alice,ZOQZOB Esq.,alice.zoqzob esq.@mitsubashi.com,Property Manager,181458.96580976463,2023-01-01 00:00:00 UTC
1137960279,,1039203145,Alice,BAHTUV Esq.,alice.bahtuv esq.@mitsubashi.com,Maintenance Staff,77742.97985844113,2023-01-01 00:00:00 UTC
1728381439,,1039203145,Charlie,YELNOP Sr.,charlie.yelnop sr.@mitsubashi.com,Maintenance Staff,59033.625531072816,2023-01-01 00:00:00 UTC
948990992,,1039203145,Charlie,BAFMOM MD,charlie.bafmom md@mitsubashi.com,Maintenance Staff,52998.47534219881,2023-01-01 00:00:00 UTC
947726634,,1847096056,David,AIDRUZ Jr.,david.aidruz jr.@mitsubashi.com,Property Manager,178155.04228963342,2023-01-01 00:00:00 UTC
131003063,,1847096056,Charlie,SITUOF Sr.,charlie.situof sr.@mitsubashi.com,Maintenance Staff,57989.63871096136,2023-01-01 00:00:00 UTC
1543330143,,1847096056,David,QOMKEF MD,david.qomkef md@mitsubashi.com,Maintenance Staff,62186.52277775112,2023-01-01 00:00:00 UTC
72719670,,1847096056,Bob,AIQVUO Jr.,bob.aiqvuo jr.@mitsubashi.com,Maintenance Staff,67090.78037450631,2023-01-01 00:00:00 UTC
502074561,,1847096056,David,LAUXEH III,david.lauxeh iii@mitsubashi.com,Maintenance Staff,83043.28758755325,2023-01-01 00:00:00 UTC
1770856928,,1509871057,Alice,CIATEA MD,alice.ciatea md@mitsubashi.com,Property Manager,158949.12301546417,2023-01-01 00:00:00 UTC
2017955231,,1490665721,Charlie,EOVKAI Jr.,charlie.eovkai jr.@mitsubashi.com,Property Manager,131104.85207402692,2023-01-01 00:00:00 UTC
452237730,,1490665721,David,LIELIC MD,david.lielic md@mitsubashi.com,Maintenance Staff,99390.46384685933,2023-01-01 00:00:00 UTC
1240153872,,1916183546,Charlie,OIOKAN PhD,charlie.oiokan phd@mitsubashi.com,Property Manager,191246.95014849934,2023-01-01 00:00:00 UTC
1341477427,,1916183546,Alice,XUZDUT Sr.,alice.xuzdut sr.@mitsubashi.com,Maintenance Staff,85044.61088166977,2023-01-01 00:00:00 UTC
183206695,,1916183546,David,VUUNEL Sr.,david.vuunel sr.@mitsubashi.com,Maintenance Staff,60505.70084043541,2023-01-01 00:00:00 UTC
334200537,,1916183546,Alice,FOTGOH PhD,alice.fotgoh phd@mitsubashi.com,Maintenance Staff,74387.49630033717,2023-01-01 00:00:00 UTC
1315236587,,936895419,David,NAIWUK Jr.,david.naiwuk jr.@mitsubashi.com,Property Manager,128584.85580030174,2023-01-01 00:00:00 UTC
270716432,,936895419,Bob,DARHEX PhD,bob.darhex phd@mitsubashi.com,Maintenance Staff,98160.28724209226,2023-01-01 00:00:00 UTC
820033664,,936895419,Alice,TITLUH III,alice.titluh iii@mitsubashi.com,Maintenance Staff,63043.439650762375,2023-01-01 00:00:00 UTC
1471020265,,1662699701,Bob,WIFZEP Sr.,bob.wifzep sr.@mitsubashi.com,Property Manager,178466.56143974952,2023-01-01 00:00:00 UTC
2130504291,,1662699701,Bob,MIUSID III,bob.miusid iii@mitsubashi.com,Maintenance Staff,73049.0022549966,2023-01-01 00:00:00 UTC
996251990,,1829978793,Alice,TATXAD Esq.,alice.tatxad esq.@mitsubashi.com,Property Manager,120065.8300650563,2023-01-01 00:00:00 UTC
1603047022,,1582307446,Charlie,CODQIN PhD,charlie.codqin phd@mitsubashi.com,Property Manager,155712.40486491012,2023-01-01 00:00:00 UTC
2021745597,,1582307446,David,SODTUX PhD,david.sodtux phd@mitsubashi.com,Maintenance Staff,79050.05630783232,2023-01-01 00:00:00 UTC
2030975208,,1582307446,Alice,PUKGIH Sr.,alice.pukgih sr.@mitsubashi.com,Maintenance Staff,64022.61454493995,2023-01-01 00:00:00 UTC
1962861264,,1582307446,Alice,FAXHEB Esq.,alice.faxheb esq.@mitsubashi.com,Maintenance Staff,77793.28217069466,2023-01-01 00:00:00 UTC
1009940670,,1582307446,Bob,GESPAZ Esq.,bob.gespaz esq.@mitsubashi.com,Maintenance Staff,82068.63109080955,2023-01-01 00:00:00 UTC
309610654,,757915678,Alice,LIZYAP Esq.,alice.lizyap esq.@mitsubashi.com,Property Manager,150669.68332218146,2023-01-01 00:00:00 UTC
602289867,,757915678,Alice,HOAKIM PhD,alice.hoakim phd@mitsubashi.com,Maintenance Staff,56755.169691078605,2023-01-01 00:00:00 UTC
71081460,,757915678,Charlie,BOPRIT Sr.,charlie.boprit sr.@mitsubashi.com,Maintenance Staff,78360.56592367828,2023-01-01 00:00:00 UTC
2070026282,,1057000339,Alice,MAKYEH MD,alice.makyeh md@mitsubashi.com,Property Manager,141820.91935843395,2023-01-01 00:00:00 UTC
817308870,,51250308,Bob,TIOHUG PhD,bob.tiohug phd@mitsubashi.com,Property Manager,111332.96409705238,2023-01-01 00:00:00 UTC
29877194,,51250308,Alice,LOHOUD III,alice.lohoud iii@mitsubashi.com,Maintenance Staff,95986.14063536395,2023-01-01 00:00:00 UTC
1657000984,,51250308,Alice,ZAYQET MD,alice.zayqet md@mitsubashi.com,Maintenance Staff,86742.42026294058,2023-01-01 00:00:00 UTC
1722224896,,51250308,David,VUULIO Jr.,david.vuulio jr.@mitsubashi.com,Maintenance Staff,90562.7890613115,2023-01-01 00:00:00 UTC
1740133908,,1961512060,Charlie,YUEDIY Sr.,charlie.yuediy sr.@mitsubashi.com,Property Manager,172933.38019105568,2023-01-01 00:00:00 UTC
1463397337,,1961512060,Bob,PEUIEH Esq.,bob.peuieh esq.@mitsubashi.com,Maintenance Staff,52754.156358450506,2023-01-01 00:00:00 UTC
914478491,,1961512060,Charlie,EEDPOI PhD,charlie.eedpoi phd@mitsubashi.com,Maintenance Staff,99508.23595145321,2023-01-01 00:00:00 UTC
999408310,,1961512060,Bob,CEWJER MD,bob.cewjer md@mitsubashi.com,Maintenance Staff,64894.1263832625,2023-01-01 00:00:00 UTC
1030011709,,1961512060,Charlie,EEFLAX Jr.,charlie.eeflax jr.@mitsubashi.com,Maintenance Staff,96626.03342401277,2023-01-01 00:00:00 UTC
1823426312,,1180907717,Charlie,IOKHID Sr.,charlie.iokhid sr.@mitsubashi.com,Property Manager,130965.66258237566,2023-01-01 00:00:00 UTC
880285936,,1180907717,David,LINNAJ Jr.,david.linnaj jr.@mitsubashi.com,Maintenance Staff,65162.252045685964,2023-01-01 00:00:00 UTC
486831344,,1180907717,Charlie,SUBEEO Sr.,charlie.subeeo sr.@mitsubashi.com,Maintenance Staff,60599.22187169186,2023-01-01 00:00:00 UTC
920354106,,1180907717,Charlie,LOAIIL Sr.,charlie.loaiil sr.@mitsubashi.com,Maintenance Staff,57693.09841434283,2023-01-01 00:00:00 UTC
149531138,,91389547,Alice,SORZOM Jr.,alice.sorzom jr.@mitsubashi.com,Property Manager,193895.29491782296,2023-01-01 00:00:00 UTC
177123289,,91389547,Bob,FAVPIH MD,bob.favpih md@mitsubashi.com,Maintenance Staff,53401.860355796045,2023-01-01 00:00:00 UTC
563676065,,91389547,Bob,YIPREJ Jr.,bob.yiprej jr.@mitsubashi.com,Maintenance Staff,65479.84380166049,2023-01-01 00:00:00 UTC
442291967,,91389547,Bob,MODIUP Sr.,bob.modiup sr.@mitsubashi.com,Maintenance Staff,64901.913772507585,2023-01-01 00:00:00 UTC
900613608,,91389547,Charlie,FETPIW PhD,charlie.fetpiw phd@mitsubashi.com,Maintenance Staff,76584.7586935056,2023-01-01 00:00:00 UTC
1380889005,,385454577,Alice,GUVGEP MD,alice.guvgep md@mitsubashi.com,Property Manager,132879.0306573727,2023-01-01 00:00:00 UTC
287953958,,385454577,Alice,HUHMUW PhD,alice.huhmuw phd@mitsubashi.com,Maintenance Staff,90999.11602514658,2023-01-01 00:00:00 UTC
1628611443,,385454577,David,AUKVUC Sr.,david.aukvuc sr.@mitsubashi.com,Maintenance Staff,96936.4797457929,2023-01-01 00:00:00 UTC
1424162201,,385454577,Alice,NANTON MD,alice.nanton md@mitsubashi.com,Maintenance Staff,67205.98353663349,2023-01-01 00:00:00 UTC
545993708,,1709915691,Charlie,XOLUEI III,charlie.xoluei iii@mitsubashi.com,Property Manager,123607.00124532191,2023-01-01 00:00:00 UTC
1164566680,,1709915691,David,BOPIOW Sr.,david.bopiow sr.@mitsubashi.com,Maintenance Staff,95366.33994029547,2023-01-01 00:00:00 UTC
1379738688,,1709915691,Bob,CAWCOI Jr.,bob.cawcoi jr.@mitsubashi.com,Maintenance Staff,81088.99473556015,2023-01-01 00:00:00 UTC
1266790955,,118288990,Charlie,MOSWEF PhD,charlie.moswef phd@mitsubashi.com,Property Manager,182071.33303947304,2023-01-01 00:00:00 UTC
522132084,,118288990,Alice,VOTFOE PhD,alice.votfoe phd@mitsubashi.com,Maintenance Staff,62814.09014852891,2023-01-01 00:00:00 UTC
1508847471,,118288990,Charlie,JICJOM MD,charlie.jicjom md@mitsubashi.com,Maintenance Staff,56013.017373184586,2023-01-01 00:00:00 UTC
547936275,,118288990,David,QUBEOI III,david.qubeoi iii@mitsubashi.com,Maintenance Staff,66718.39639693157,2023-01-01 00:00:00 UTC
1557564197,,1133924370,Charlie,LUGCEW III,charlie.lugcew iii@mitsubashi.com,Property Manager,123412.7842660844,2023-01-01 00:00:00 UTC
868892626,,1133924370,Bob,OADEEH Sr.,bob.oadeeh sr.@mitsubashi.com,Maintenance Staff,94880.62041951637,2023-01-01 00:00:00 UTC
909966916,,1133924370,David,GIHLEP MD,david.gihlep md@mitsubashi.com,Maintenance Staff,65141.80203992561,2023-01-01 00:00:00 UTC
959526404,,1133924370,Alice,YOYAUX Sr.,alice.yoyaux sr.@mitsubashi.com,Maintenance Staff,51800.73013610321,2023-01-01 00:00:00 UTC
175964728,,1180655294,Alice,QOYEAN III,alice.qoyean iii@mitsubashi.com,Property Manager,170391.42701615632,2023-01-01 00:00:00 UTC
913909897,,1180655294,Bob,EEVMAX III,bob.eevmax iii@mitsubashi.com,Maintenance Staff,68314.79095761619,2023-01-01 00:00:00 UTC
1494425694,,1180655294,David,FAJJUH III,david.fajjuh iii@mitsubashi.com,Maintenance Staff,73609.44558799654,2023-01-01 00:00:00 UTC
415598954,,1180655294,Alice,GASVAY MD,alice.gasvay md@mitsubashi.com,Maintenance Staff,87366.3542627591,2023-01-01 00:00:00 UTC
1586385976,,1180655294,Bob,HIUMIE Esq.,bob.hiumie esq.@mitsubashi.com,Maintenance Staff,52100.995800890094,2023-01-01 00:00:00 UTC
688556124,,1954937006,Alice,QIXRUS III,alice.qixrus iii@mitsubashi.com,Property Manager,123099.63995167156,2023-01-01 00:00:00 UTC
1246200433,,1954937006,Bob,PANVAU Jr.,bob.panvau jr.@mitsubashi.com,Maintenance Staff,80391.83281037738,2023-01-01 00:00:00 UTC
336854485,,1954937006,Bob,QOALEE Esq.,bob.qoalee esq.@mitsubashi.com,Maintenance Staff,57492.38024972837,2023-01-01 00:00:00 UTC
577881101,,1954937006,David,DAWHAN Jr.,david.dawhan jr.@mitsubashi.com,Maintenance Staff,63529.94333347122,2023-01-01 00:00:00 UTC
945978574,,1954937006,Bob,QARXOR Esq.,bob.qarxor esq.@mitsubashi.com,Maintenance Staff,78672.64635751762,2023-01-01 00:00:00 UTC
649650237,,983989966,Bob,REZVIE Esq.,bob.rezvie esq.@mitsubashi.com,Property Manager,172505.1926373199,2023-01-01 00:00:00 UTC
88623007,,983989966,Charlie,XIBMAY Jr.,charlie.xibmay jr.@mitsubashi.com,Maintenance Staff,57728.75028810549,2023-01-01 00:00:00 UTC
1494410516,,983989966,Alice,CEYXUA PhD,alice.ceyxua phd@mitsubashi.com,Maintenance Staff,79314.24518798538,2023-01-01 00:00:00 UTC
1784784633,,1591427142,David,YEGMOQ Esq.,david.yegmoq esq.@mitsubashi.com,Property Manager,128600.87891919614,2023-01-01 00:00:00 UTC
1454908029,,1591427142,David,HUWLIQ PhD,david.huwliq phd@mitsubashi.com,Maintenance Staff,51450.42205552947,2023-01-01 00:00:00 UTC
534569484,,1591427142,Charlie,KURNOU III,charlie.kurnou iii@mitsubashi.com,Maintenance Staff,90791.06668396918,2023-01-01 00:00:00 UTC
440571797,,1591427142,Bob,SECUEW PhD,bob.secuew phd@mitsubashi.com,Maintenance Staff,95576.6584858811,2023-01-01 00:00:00 UTC
1631426761,,1591427142,Alice,XIAPAN III,alice.xiapan iii@mitsubashi.com,Maintenance Staff,89978.82663465984,2023-01-01 00:00:00 UTC
571644863,,1087035021,Alice,NOEGUV Jr.,alice.noeguv jr.@mitsubashi.com,Property Manager,199233.95854586634,2023-01-01 00:00:00 UTC
396669424,,1087035021,Bob,LIPHIC Sr.,bob.liphic sr.@mitsubashi.com,Maintenance Staff,69603.87906081777,2023-01-01 00:00:00 UTC
1734925245,,1087035021,Bob,HUGCAS Sr.,bob.hugcas sr.@mitsubashi.com,Maintenance Staff,97763.7863808991,2023-01-01 00:00:00 UTC
950503900,,1087035021,Bob,KOYJOJ Jr.,bob.koyjoj jr.@mitsubashi.com,Maintenance Staff,98193.09043859343,2023-01-01 00:00:00 UTC
597530415,,1087035021,Charlie,YOUMOJ PhD,charlie.youmoj phd@mitsubashi.com,Maintenance Staff,76963.49438690695,2023-01-01 00:00:00 UTC
1383413044,,574111965,Alice,KEOZIV Sr.,alice.keoziv sr.@mitsubashi.com,Property Manager,196571.04439274667,2023-01-01 00:00:00 UTC
1240157509,,574111965,Alice,XEWZEZ MD,alice.xewzez md@mitsubashi.com,Maintenance Staff,52920.75331706442,2023-01-01 00:00:00 UTC
1810765661,,574111965,Bob,ZETQIP Jr.,bob.zetqip jr.@mitsubashi.com,Maintenance Staff,73687.98787385078,2023-01-01 00:00:00 UTC
1599136460,,2075664004,Charlie,BEJTUN MD,charlie.bejtun md@mitsubashi.com,Property Manager,100021.89437765689,2023-01-01 00:00:00 UTC
1034439990,,2075664004,Alice,OIBWEL Sr.,alice.oibwel sr.@mitsubashi.com,Maintenance Staff,60722.23718594482,2023-01-01 00:00:00 UTC
894146851,,2075664004,David,XOTMOB PhD,david.xotmob phd@mitsubashi.com,Maintenance Staff,90313.60334802412,2023-01-01 00:00:00 UTC
51947598,,1780796931,Charlie,WOFEUW Jr.,charlie.wofeuw jr.@mitsubashi.com,Property Manager,182336.2016515076,2023-01-01 00:00:00 UTC
1294461257,,1780796931,Bob,DEIQAL III,bob.deiqal iii@mitsubashi.com,Maintenance Staff,98072.85038586076,2023-01-01 00:00:00 UTC
114255601,,1780796931,Alice,CAJPOM Esq.,alice.cajpom esq.@mitsubashi.com,Maintenance Staff,78063.40744476015,2023-01-01 00:00:00 UTC
941970734,,1345029939,Charlie,VUVFII MD,charlie.vuvfii md@mitsubashi.com,Property Manager,148639.2352790701,2023-01-01 00:00:00 UTC
1237044446,,1345029939,Charlie,OITIUH Esq.,charlie.oitiuh esq.@mitsubashi.com,Maintenance Staff,79170.76833062575,2023-01-01 00:00:00 UTC
481071985,,1345029939,Bob,UUCREG III,bob.uucreg iii@mitsubashi.com,Maintenance Staff,52667.077276931945,2023-01-01 00:00:00 UTC
1414030186,,1345029939,Bob,KINSOA III,bob.kinsoa iii@mitsubashi.com,Maintenance Staff,81836.02685287289,2023-01-01 00:00:00 UTC
1044026253,,130301855,Alice,HEGKAB MD,alice.hegkab md@mitsubashi.com,Property Manager,187929.03222216078,2023-01-01 00:00:00 UTC
390874506,,130301855,Charlie,RELOAH Sr.,charlie.reloah sr.@mitsubashi.com,Maintenance Staff,70306.33892276704,2023-01-01 00:00:00 UTC
603915074,,130301855,Bob,YOAMUF III,bob.yoamuf iii@mitsubashi.com,Maintenance Staff,58903.59777652323,2023-01-01 00:00:00 UTC
227550310,,130301855,Bob,CIZYAU Sr.,bob.cizyau sr.@mitsubashi.com,Maintenance Staff,61388.29684950819,2023-01-01 00:00:00 UTC
1102918902,,130301855,Charlie,IOQBIU III,charlie.ioqbiu iii@mitsubashi.com,Maintenance Staff,60125.18049496098,2023-01-01 00:00:00 UTC
1818921851,,1032906382,Charlie,FUWZAA Jr.,charlie.fuwzaa jr.@mitsubashi.com,Property Manager,157324.3536276124,2023-01-01 00:00:00 UTC
1563143360,,1032906382,Charlie,CIAYOT Esq.,charlie.ciayot esq.@mitsubashi.com,Maintenance Staff,69203.5783928336,2023-01-01 00:00:00 UTC
1404676925,,1032906382,Charlie,JAMHEQ MD,charlie.jamheq md@mitsubashi.com,Maintenance Staff,52534.72145473052,2023-01-01 00:00:00 UTC
1165325726,,1032906382,David,LUGZEP MD,david.lugzep md@mitsubashi.com,Maintenance Staff,69583.71607881834,2023-01-01 00:00:00 UTC
640445660,,1032906382,Charlie,MULKIO Esq.,charlie.mulkio esq.@mitsubashi.com,Maintenance Staff,99732.19291005371,2023-01-01 00:00:00 UTC
1209399128,,1200905714,Alice,JUOMIX III,alice.juomix iii@mitsubashi.com,Property Manager,126295.23384537469,2023-01-01 00:00:00 UTC
1787666744,,1564714388,David,JARWAM Sr.,david.jarwam sr.@mitsubashi.com,Property Manager,170061.2294061885,2023-01-01 00:00:00 UTC
1562464632,,1564714388,Charlie,YAKJEK Sr.,charlie.yakjek sr.@mitsubashi.com,Maintenance Staff,75444.78353037396,2023-01-01 00:00:00 UTC
1065799482,,1564714388,Bob,RUILEE Jr.,bob.ruilee jr.@mitsubashi.com,Maintenance Staff,89986.66149816207,2023-01-01 00:00:00 UTC
483730684,,1564714388,Alice,CUTQIG III,alice.cutqig iii@mitsubashi.com,Maintenance Staff,74359.68776421752,2023-01-01 00:00:00 UTC
470158863,,1564714388,Bob,EEYFOV Esq.,bob.eeyfov esq.@mitsubashi.com,Maintenance Staff,96026.75332755252,2023-01-01 00:00:00 UTC
1093998655,,1504982480,Alice,JUKZIQ PhD,alice.jukziq phd@mitsubashi.com,Property Manager,126967.1742035427,2023-01-01 00:00:00 UTC
1447945478,,1504982480,David,WUDHAS PhD,david.wudhas phd@mitsubashi.com,Maintenance Staff,68675.48699570977,2023-01-01 00:00:00 UTC
1624045743,,1612072466,Charlie,KICIIC PhD,charlie.kiciic phd@mitsubashi.com,Property Manager,126720.29579388254,2023-01-01 00:00:00 UTC
704836188,,1612072466,Alice,XOGXAE Jr.,alice.xogxae jr.@mitsubashi.com,Maintenance Staff,83261.74141228126,2023-01-01 00:00:00 UTC
292682562,,1612072466,Alice,XAJXOA MD,alice.xajxoa md@mitsubashi.com,Maintenance Staff,56219.8002071839,2023-01-01 00:00:00 UTC
319716807,,1612072466,Alice,OOSBOO Jr.,alice.oosboo jr.@mitsubashi.com,Maintenance Staff,75647.51553130125,2023-01-01 00:00:00 UTC
834610213,,1942402779,Charlie,XACIIB Jr.,charlie.xaciib jr.@mitsubashi.com,Property Manager,139880.27826890926,2023-01-01 00:00:00 UTC
320300122,,1942402779,David,HOZEOC Jr.,david.hozeoc jr.@mitsubashi.com,Maintenance Staff,54407.20417948767,2023-01-01 00:00:00 UTC
1088869597,,1942402779,Charlie,IEGSAZ III,charlie.iegsaz iii@mitsubashi.com,Maintenance Staff,80096.88233351303,2023-01-01 00:00:00 UTC
1849139299,,1660359577,Alice,VEPUUL PhD,alice.vepuul phd@mitsubashi.com,Property Manager,168283.03936894736,2023-01-01 00:00:00 UTC
2062835679,,1660359577,Bob,VEKWIZ Esq.,bob.vekwiz esq.@mitsubashi.com,Maintenance Staff,57165.75460017439,2023-01-01 00:00:00 UTC
2129723340,,1660359577,Alice,ZERUOO MD,alice.zeruoo md@mitsubashi.com,Maintenance Staff,78761.71351551183,2023-01-01 00:00:00 UTC
388698092,,1660359577,Charlie,GEHVEH Jr.,charlie.gehveh jr.@mitsubashi.com,Maintenance Staff,96450.80203812502,2023-01-01 00:00:00 UTC
1119948852,,1660359577,Alice,NITREM III,alice.nitrem iii@mitsubashi.com,Maintenance Staff,94950.97628832946,2023-01-01 00:00:00 UTC
177339824,,24554455,David,WEZZAI Jr.,david.wezzai jr.@mitsubashi.com,Property Manager,158616.25678103976,2023-01-01 00:00:00 UTC
1023073769,,24554455,Charlie,RUFEOU PhD,charlie.rufeou phd@mitsubashi.com,Maintenance Staff,91977.74202928216,2023-01-01 00:00:00 UTC
1460735918,,24554455,David,FEVZEL Sr.,david.fevzel sr.@mitsubashi.com,Maintenance Staff,92962.5205511351,2023-01-01 00:00:00 UTC
654366233,,963164958,Bob,VILZER PhD,bob.vilzer phd@mitsubashi.com,Property Manager,184583.60269652793,2023-01-01 00:00:00 UTC
1246450777,,963164958,Bob,VEBWOS MD,bob.vebwos md@mitsubashi.com,Maintenance Staff,60562.51081097311,2023-01-01 00:00:00 UTC
1442004528,,963164958,Alice,YOJXOS PhD,alice.yojxos phd@mitsubashi.com,Maintenance Staff,52263.758209097345,2023-01-01 00:00:00 UTC
697314616,,720414035,David,ZOLRIV Jr.,david.zolriv jr.@mitsubashi.com,Property Manager,131247.77968081456,2023-01-01 00:00:00 UTC
1130931330,,720414035,Alice,KUNHIM PhD,alice.kunhim phd@mitsubashi.com,Maintenance Staff,91938.75904409197,2023-01-01 00:00:00 UTC
1386100444,,720414035,Alice,IOJJAV MD,alice.iojjav md@mitsubashi.com,Maintenance Staff,71898.16077551604,2023-01-01 00:00:00 UTC
1807292219,,720414035,Charlie,ZEUMAB Esq.,charlie.zeumab esq.@mitsubashi.com,Maintenance Staff,67481.8321884009,2023-01-01 00:00:00 UTC
1894793978,,912183043,Charlie,XAFVOX PhD,charlie.xafvox phd@mitsubashi.com,Property Manager,144745.04207381033,2023-01-01 00:00:00 UTC
2034626048,,912183043,Alice,QOROAI PhD,alice.qoroai phd@mitsubashi.com,Maintenance Staff,83051.74891802024,2023-01-01 00:00:00 UTC
145173260,,912183043,Bob,LIVOOZ MD,bob.livooz md@mitsubashi.com,Maintenance Staff,62143.86193019851,2023-01-01 00:00:00 UTC
1917965561,,912183043,Charlie,FOSOUS PhD,charlie.fosous phd@mitsubashi.com,Maintenance Staff,50975.01839584884,2023-01-01 00:00:00 UTC
1127226267,,916199330,David,VEZHIQ PhD,david.vezhiq phd@mitsubashi.com,Property Manager,149785.65287161013,2023-01-01 00:00:00 UTC
997404155,,916199330,Bob,QAPFIJ Esq.,bob.qapfij esq.@mitsubashi.com,Maintenance Staff,83524.76179279484,2023-01-01 00:00:00 UTC
1249313450,,916199330,Charlie,ZIZGUK PhD,charlie.zizguk phd@mitsubashi.com,Maintenance Staff,77860.99117742539,2023-01-01 00:00:00 UTC
1412600520,,348570108,Alice,JEMQIL Sr.,alice.jemqil sr.@mitsubashi.com,Property Manager,161468.36094631813,2023-01-01 00:00:00 UTC
1335099363,,348570108,Alice,YESKOF III,alice.yeskof iii@mitsubashi.com,Maintenance Staff,93848.59855075851,2023-01-01 00:00:00 UTC
88168425,,348570108,David,HUIHUC MD,david.huihuc md@mitsubashi.com,Maintenance Staff,81363.06560263877,2023-01-01 00:00:00 UTC
992252323,,348570108,Bob,WUKIIA Sr.,bob.wukiia sr.@mitsubashi.com,Maintenance Staff,80321.10929196344,2023-01-01 00:00:00 UTC
1553156891,,74821874,Charlie,MIKZAW III,charlie.mikzaw iii@mitsubashi.com,Property Manager,191804.7950052857,2023-01-01 00:00:00 UTC
1568866139,,2031133423,David,FEKMOS Jr.,david.fekmos jr.@mitsubashi.com,Property Manager,130510.75728657345,2023-01-01 00:00:00 UTC
2146093284,,293862031,Bob,XIZFAX III,bob.xizfax iii@mitsubashi.com,Property Manager,137712.63521234505,2023-01-01 00:00:00 UTC
1869214006,,293862031,David,QOLCEX Sr.,david.qolcex sr.@mitsubashi.com,Maintenance Staff,74317.32132169264,2023-01-01 00:00:00 UTC
2080335517,,670343342,David,PEHEEZ Jr.,david.peheez jr.@mitsubashi.com,Property Manager,165047.943781916,2023-01-01 00:00:00 UTC
1912398070,,1290704650,Alice,RAVDOS Esq.,alice.ravdos esq.@mitsubashi.com,Property Manager,142248.43229303224,2023-01-01 00:00:00 UTC
1679213592,,645170648,Alice,CIPIOD PhD,alice.cipiod phd@mitsubashi.com,Property Manager,134436.06285515212,2023-01-01 00:00:00 UTC
683341188,,645170648,David,LAVBOF III,david.lavbof iii@mitsubashi.com,Maintenance Staff,62041.991425405955,2023-01-01 00:00:00 UTC
583121045,,645170648,David,COHHOD Jr.,david.cohhod jr.@mitsubashi.com,Maintenance Staff,67519.9874952394,2023-01-01 00:00:00 UTC
1023268391,,645170648,Alice,SAAGAR PhD,alice.saagar phd@mitsubashi.com,Maintenance Staff,61795.82347550824,2023-01-01 00:00:00 UTC
1596303364,,645170648,Alice,OURAAD Esq.,alice.ouraad esq.@mitsubashi.com,Maintenance Staff,98770.11454694592,2023-01-01 00:00:00 UTC
1534226044,,123580012,Bob,DIXSUR Jr.,bob.dixsur jr.@mitsubashi.com,Property Manager,141930.55703719053,2023-01-01 00:00:00 UTC
331484535,,123580012,Alice,ZALQUW Sr.,alice.zalquw sr.@mitsubashi.com,Maintenance Staff,73863.21258487484,2023-01-01 00:00:00 UTC
265956282,,123580012,Alice,KEBPAL Jr.,alice.kebpal jr.@mitsubashi.com,Maintenance Staff,85978.94844484418,2023-01-01 00:00:00 UTC
1804524147,,2135061606,Charlie,QAHAEK Jr.,charlie.qahaek jr.@mitsubashi.com,Property Manager,199643.92532094527,2023-01-01 00:00:00 UTC
1729232648,,1021017406,Alice,HUTSOV Jr.,alice.hutsov jr.@mitsubashi.com,Property Manager,155701.1303690077,2023-01-01 00:00:00 UTC
1626873462,,1021017406,Charlie,XENGUL III,charlie.xengul iii@mitsubashi.com,Maintenance Staff,65412.31115304952,2023-01-01 00:00:00 UTC
1055586553,,1021017406,Alice,QOXKAU III,alice.qoxkau iii@mitsubashi.com,Maintenance Staff,68250.98727624341,2023-01-01 00:00:00 UTC
553945564,,1021017406,Bob,UEKOAL III,bob.uekoal iii@mitsubashi.com,Maintenance Staff,65253.14086473512,2023-01-01 00:00:00 UTC
242692558,,786049060,Bob,CETREX Jr.,bob.cetrex jr.@mitsubashi.com,Property Manager,175450.14376860292,2023-01-01 00:00:00 UTC
1258788159,,786049060,Bob,FIODAN Esq.,bob.fiodan esq.@mitsubashi.com,Maintenance Staff,53004.13016633823,2023-01-01 00:00:00 UTC
788029282,,786049060,Charlie,GUCVOC Esq.,charlie.gucvoc esq.@mitsubashi.com,Maintenance Staff,61930.98088394365,2023-01-01 00:00:00 UTC
276836602,,786049060,Bob,BUYIIH Esq.,bob.buyiih esq.@mitsubashi.com,Maintenance Staff,54412.18553362149,2023-01-01 00:00:00 UTC
174782957,,786049060,David,KELIUK Esq.,david.keliuk esq.@mitsubashi.com,Maintenance Staff,83352.62043345619,2023-01-01 00:00:00 UTC
103882752,,1072130998,Charlie,QIRHAE Jr.,charlie.qirhae jr.@mitsubashi.com,Property Manager,117278.29963827363,2023-01-01 00:00:00 UTC
1540651749,,1072130998,David,LIFCAE MD,david.lifcae md@mitsubashi.com,Maintenance Staff,77382.26990350119,2023-01-01 00:00:00 UTC
1559358387,,1471675915,David,WUVVIN PhD,david.wuvvin phd@mitsubashi.com,Property Manager,152661.52340859052,2023-01-01 00:00:00 UTC
228495193,,1471675915,Bob,KEAJOE PhD,bob.keajoe phd@mitsubashi.com,Maintenance Staff,91306.93669245036,2023-01-01 00:00:00 UTC
673856350,,1471675915,David,KOACIM MD,david.koacim md@mitsubashi.com,Maintenance Staff,82103.5457410965,2023-01-01 00:00:00 UTC
2144102066,,1471675915,Charlie,AIKMEL Jr.,charlie.aikmel jr.@mitsubashi.com,Maintenance Staff,75752.45633766179,2023-01-01 00:00:00 UTC
1287081419,,1471675915,Bob,KIXMOA MD,bob.kixmoa md@mitsubashi.com,Maintenance Staff,83457.317648473,2023-01-01 00:00:00 UTC
2025811115,,1543008264,Charlie,NOREOI Sr.,charlie.noreoi sr.@mitsubashi.com,Property Manager,171412.638033154,2023-01-01 00:00:00 UTC
1680750796,,1543008264,Alice,LETAUU MD,alice.letauu md@mitsubashi.com,Maintenance Staff,98857.10214200972,2023-01-01 00:00:00 UTC
922618292,,1543008264,David,JAFUUQ Sr.,david.jafuuq sr.@mitsubashi.com,Maintenance Staff,71494.3584836735,2023-01-01 00:00:00 UTC
634879631,,1543008264,Bob,JUWGAD PhD,bob.juwgad phd@mitsubashi.com,Maintenance Staff,90419.86590206677,2023-01-01 00:00:00 UTC
851161480,,1543008264,David,UEJLIB Sr.,david.uejlib sr.@mitsubashi.com,Maintenance Staff,82742.72917589481,2023-01-01 00:00:00 UTC
2057299292,,797040693,Bob,TIHQOI Esq.,bob.tihqoi esq.@mitsubashi.com,Property Manager,164975.3248736467,2023-01-01 00:00:00 UTC
677330852,,797040693,Alice,UUCQEA Sr.,alice.uucqea sr.@mitsubashi.com,Maintenance Staff,87887.28157259179,2023-01-01 00:00:00 UTC
940387398,,797040693,Charlie,XOGSAC III,charlie.xogsac iii@mitsubashi.com,Maintenance Staff,51636.07860471938,2023-01-01 00:00:00 UTC
319729645,,797040693,David,POXLIX MD,david.poxlix md@mitsubashi.com,Maintenance Staff,87395.65367883648,2023-01-01 00:00:00 UTC
96558295,,1749207277,Alice,NEJEEW III,alice.nejeew iii@mitsubashi.com,Property Manager,103132.51516043885,2023-01-01 00:00:00 UTC
2063751670,,1749207277,Bob,IICDUF Esq.,bob.iicduf esq.@mitsubashi.com,Maintenance Staff,65868.51684664332,2023-01-01 00:00:00 UTC
939534776,,1098300226,Charlie,METVEF III,charlie.metvef iii@mitsubashi.com,Property Manager,184604.7423610818,2023-01-01 00:00:00 UTC
1553346977,,1702785272,David,VELHAL Esq.,david.velhal esq.@mitsubashi.com,Property Manager,122672.90230924172,2023-01-01 00:00:00 UTC
192011285,,582604031,David,BUCJEL Esq.,david.bucjel esq.@mitsubashi.com,Property Manager,184661.1470322517,2023-01-01 00:00:00 UTC
113327671,,582604031,Charlie,VOFGUQ MD,charlie.vofguq md@mitsubashi.com,Maintenance Staff,70818.83220677765,2023-01-01 00:00:00 UTC
1861346191,,582604031,Alice,CAWXUO Esq.,alice.cawxuo esq.@mitsubashi.com,Maintenance Staff,70683.90554889855,2023-01-01 00:00:00 UTC
816757241,,582604031,Bob,VEVOUM III,bob.vevoum iii@mitsubashi.com,Maintenance Staff,77101.67605248044,2023-01-01 00:00:00 UTC
1226395916,,1640400827,Alice,VOFSAQ MD,alice.vofsaq md@mitsubashi.com,Property Manager,120216.64491940288,2023-01-01 00:00:00 UTC
786451879,,1640400827,David,FIQFEE PhD,david.fiqfee phd@mitsubashi.com,Maintenance Staff,95465.12712858942,2023-01-01 00:00:00 UTC
2085526354,,1640400827,Bob,IUKUUX III,bob.iukuux iii@mitsubashi.com,Maintenance Staff,92741.28837263369,2023-01-01 00:00:00 UTC
121420801,,1474303324,David,FUHJEW Esq.,david.fuhjew esq.@mitsubashi.com,Property Manager,126896.13175329307,2023-01-01 00:00:00 UTC
1616298303,,1474303324,Charlie,QAJLAX III,charlie.qajlax iii@mitsubashi.com,Maintenance Staff,77822.62699829722,2023-01-01 00:00:00 UTC
1090237964,,382547934,David,UOPKUD Sr.,david.uopkud sr.@mitsubashi.com,Property Manager,164052.35667856433,2023-01-01 00:00:00 UTC
1847909526,,382547934,Bob,KEXIOJ Sr.,bob.kexioj sr.@mitsubashi.com,Maintenance Staff,81124.8283699497,2023-01-01 00:00:00 UTC
724944489,,382547934,Bob,NAGHES III,bob.naghes iii@mitsubashi.com,Maintenance Staff,81968.69301877436,2023-01-01 00:00:00 UTC
1023648993,,382547934,Alice,HOBRIH III,alice.hobrih iii@mitsubashi.com,Maintenance Staff,82617.55948162085,2023-01-01 00:00:00 UTC
1713323831,,1616837878,David,WOGCAT Esq.,david.wogcat esq.@mitsubashi.com,Property Manager,140710.25154261803,2023-01-01 00:00:00 UTC
365675569,,1616837878,David,VULHOM Esq.,david.vulhom esq.@mitsubashi.com,Maintenance Staff,58211.66760629289,2023-01-01 00:00:00 UTC
1941826224,,1970624490,Charlie,EANUEX Esq.,charlie.eanuex esq.@mitsubashi.com,Property Manager,115672.57272335896,2023-01-01 00:00:00 UTC
1342125442,,1970624490,Charlie,AAZXAI III,charlie.aazxai iii@mitsubashi.com,Maintenance Staff,77154.52369088601,2023-01-01 00:00:00 UTC
552540201,,1970624490,Bob,VUYPUF III,bob.vuypuf iii@mitsubashi.com,Maintenance Staff,96721.31604183701,2023-01-01 00:00:00 UTC
104358587,,1970624490,David,AORZEH Esq.,david.aorzeh esq.@mitsubashi.com,Maintenance Staff,70737.4426296568,2023-01-01 00:00:00 UTC
1338356889,,2011442817,Alice,EOKHAP PhD,alice.eokhap phd@mitsubashi.com,Property Manager,160607.51447626197,2023-01-01 00:00:00 UTC
1398255421,,2011442817,Alice,JECLIX Esq.,alice.jeclix esq.@mitsubashi.com,Maintenance Staff,91312.51949358924,2023-01-01 00:00:00 UTC
1635636235,,2011442817,Charlie,VAWYEU Jr.,charlie.vawyeu jr.@mitsubashi.com,Maintenance Staff,54005.22296981329,2023-01-01 00:00:00 UTC
86176022,,2011442817,Alice,MAALII MD,alice.maalii md@mitsubashi.com,Maintenance Staff,88172.34722805771,2023-01-01 00:00:00 UTC
423685889,,2011442817,Charlie,WEHIEJ Esq.,charlie.wehiej esq.@mitsubashi.com,Maintenance Staff,75352.78947952787,2023-01-01 00:00:00 UTC
944764588,,1289473572,Bob,LOJRUH III,bob.lojruh iii@mitsubashi.com,Property Manager,143043.9175082005,2023-01-01 00:00:00 UTC
1211965599,,1289473572,Charlie,XULLAS Sr.,charlie.xullas sr.@mitsubashi.com,Maintenance Staff,64503.70858090405,2023-01-01 00:00:00 UTC
2012331832,,1289473572,David,JIOJUE PhD,david.jiojue phd@mitsubashi.com,Maintenance Staff,51603.08320040243,2023-01-01 00:00:00 UTC
883426159,,1289473572,Alice,SIWGOD Sr.,alice.siwgod sr.@mitsubashi.com,Maintenance Staff,79880.5538192552,2023-01-01 00:00:00 UTC
957661571,,1289473572,David,MIUYEZ Sr.,david.miuyez sr.@mitsubashi.com,Maintenance Staff,68474.19994265882,2023-01-01 00:00:00 UTC
161682229,,1028759021,David,UAOTAJ MD,david.uaotaj md@mitsubashi.com,Property Manager,140000.37047634227,2023-01-01 00:00:00 UTC
1671522397,,1028759021,Charlie,BESMEN III,charlie.besmen iii@mitsubashi.com,Maintenance Staff,73805.51391684721,2023-01-01 00:00:00 UTC
609849881,,1982742142,Charlie,TEFUUF Sr.,charlie.tefuuf sr.@mitsubashi.com,Property Manager,161430.1533147104,2023-01-01 00:00:00 UTC
2009075651,,1982742142,Bob,POMFAY PhD,bob.pomfay phd@mitsubashi.com,Maintenance Staff,91168.58835855208,2023-01-01 00:00:00 UTC
653570738,,1982742142,David,CABHEN MD,david.cabhen md@mitsubashi.com,Maintenance Staff,52702.5869630593,2023-01-01 00:00:00 UTC
819592837,,1982742142,Alice,CUVBIK III,alice.cuvbik iii@mitsubashi.com,Maintenance Staff,57278.21661479234,2023-01-01 00:00:00 UTC
89798660,,2063393844,David,HEDKIH Jr.,david.hedkih jr.@mitsubashi.com,Property Manager,123879.7817396288,2023-01-01 00:00:00 UTC
1321625425,,2063393844,David,OOWSUI Esq.,david.oowsui esq.@mitsubashi.com,Maintenance Staff,54993.974488185,2023-01-01 00:00:00 UTC
1133853049,,2063393844,David,RAJWOL PhD,david.rajwol phd@mitsubashi.com,Maintenance Staff,72953.09670876482,2023-01-01 00:00:00 UTC
111346662,,2063393844,Charlie,XUYZUA Sr.,charlie.xuyzua sr.@mitsubashi.com,Maintenance Staff,76605.03518693498,2023-01-01 00:00:00 UTC
1915517390,,1808110802,Bob,LOMRUX III,bob.lomrux iii@mitsubashi.com,Property Manager,112747.35464371309,2023-01-01 00:00:00 UTC
1767304105,,1808110802,Bob,QOOSOH Sr.,bob.qoosoh sr.@mitsubashi.com,Maintenance Staff,84607.19408150153,2023-01-01 00:00:00 UTC
20148666,,1808110802,Charlie,KOYGAU PhD,charlie.koygau phd@mitsubashi.com,Maintenance Staff,68233.8661253618,2023-01-01 00:00:00 UTC
48608733,,1808110802,Bob,CEPYAG Jr.,bob.cepyag jr.@mitsubashi.com,Maintenance Staff,51624.76663687394,2023-01-01 00:00:00 UTC
1622295312,,842711869,Bob,TEEFIZ Sr.,bob.teefiz sr.@mitsubashi.com,Property Manager,199877.15767362498,2023-01-01 00:00:00 UTC
1076537974,,842711869,Alice,LEYFAB III,alice.leyfab iii@mitsubashi.com,Maintenance Staff,87990.51896875397,2023-01-01 00:00:00 UTC
225739171,,1640469825,Bob,EEPJIX III,bob.eepjix iii@mitsubashi.com,Property Manager,117019.69228376445,2023-01-01 00:00:00 UTC
1396177042,,1640469825,David,KAQIOP Esq.,david.kaqiop esq.@mitsubashi.com,Maintenance Staff,98338.82375033095,2023-01-01 00:00:00 UTC
1454879337,,1640469825,Alice,YEAWET PhD,alice.yeawet phd@mitsubashi.com,Maintenance Staff,57523.51805443012,2023-01-01 00:00:00 UTC
890989298,,2077871161,David,XAYQIC Sr.,david.xayqic sr.@mitsubashi.com,Property Manager,164571.69413576947,2023-01-01 00:00:00 UTC
1774407028,,2077871161,David,JOQLEP Sr.,david.joqlep sr.@mitsubashi.com,Maintenance Staff,52394.091064817556,2023-01-01 00:00:00 UTC
1805183817,,1222493451,Alice,GUSCUP Sr.,alice.guscup sr.@mitsubashi.com,Property Manager,164644.9886415233,2023-01-01 00:00:00 UTC
673206831,,1222493451,Charlie,EAYREM III,charlie.eayrem iii@mitsubashi.com,Maintenance Staff,83003.39145474242,2023-01-01 00:00:00 UTC
1094433936,,1222493451,Alice,DEUDAR Jr.,alice.deudar jr.@mitsubashi.com,Maintenance Staff,61469.977839571744,2023-01-01 00:00:00 UTC
1068973907,,1222493451,Bob,QIOVAJ III,bob.qiovaj iii@mitsubashi.com,Maintenance Staff,87875.2486996686,2023-01-01 00:00:00 UTC
1842431005,,1222493451,Alice,LARJAE MD,alice.larjae md@mitsubashi.com,Maintenance Staff,85578.74105325114,2023-01-01 00:00:00 UTC
1592242439,,1253908575,David,BATVUH III,david.batvuh iii@mitsubashi.com,Property Manager,124265.85389290411,2023-01-01 00:00:00 UTC
125240977,,1253908575,Bob,BAGQAO III,bob.bagqao iii@mitsubashi.com,Maintenance Staff,83363.56775980085,2023-01-01 00:00:00 UTC
1482980174,,241555828,Alice,YUHMOB III,alice.yuhmob iii@mitsubashi.com,Property Manager,138975.8373361788,2023-01-01 00:00:00 UTC
1697865889,,241555828,Bob,DEVNIZ Esq.,bob.devniz esq.@mitsubashi.com,Maintenance Staff,67949.77502035705,2023-01-01 00:00:00 UTC
1122217661,,241555828,Alice,IARXEB Sr.,alice.iarxeb sr.@mitsubashi.com,Maintenance Staff,86056.54028844774,2023-01-01 00:00:00 UTC
365115938,,100918635,Alice,XAZAIA III,alice.xazaia iii@mitsubashi.com,Property Manager,159846.92201348962,2023-01-01 00:00:00 UTC
523604826,,100918635,Charlie,FOJYEB Jr.,charlie.fojyeb jr.@mitsubashi.com,Maintenance Staff,56542.68584259327,2023-01-01 00:00:00 UTC
82029508,,100918635,David,HUREAR Sr.,david.hurear sr.@mitsubashi.com,Maintenance Staff,65285.576123906634,2023-01-01 00:00:00 UTC
236621541,,638662987,Bob,KUIUIW Esq.,bob.kuiuiw esq.@mitsubashi.com,Property Manager,149677.51557175285,2023-01-01 00:00:00 UTC
635525985,,1487332584,Alice,IUCIOK III,alice.iuciok iii@mitsubashi.com,Property Manager,123636.14239360004,2023-01-01 00:00:00 UTC
497873496,,1487332584,Alice,XUGRIT MD,alice.xugrit md@mitsubashi.com,Maintenance Staff,68861.27415220141,2023-01-01 00:00:00 UTC
199885123,,1487332584,Alice,DUQWEI Esq.,alice.duqwei esq.@mitsubashi.com,Maintenance Staff,67458.78787335765,2023-01-01 00:00:00 UTC
397349243,,1487332584,Charlie,BEJYUS Esq.,charlie.bejyus esq.@mitsubashi.com,Maintenance Staff,50777.033435729936,2023-01-01 00:00:00 UTC
1198792597,,704512385,Charlie,YODJIY Sr.,charlie.yodjiy sr.@mitsubashi.com,Property Manager,151926.46507564932,2023-01-01 00:00:00 UTC
1951865848,,1131331904,Bob,FOVBEB PhD,bob.fovbeb phd@mitsubashi.com,Property Manager,152151.49694997544,2023-01-01 00:00:00 UTC
971584589,,1131331904,David,BAVDIH Esq.,david.bavdih esq.@mitsubashi.com,Maintenance Staff,79219.56819490652,2023-01-01 00:00:00 UTC
901928458,,1131331904,Alice,LAHKIW Sr.,alice.lahkiw sr.@mitsubashi.com,Maintenance Staff,80310.93036588689,2023-01-01 00:00:00 UTC
161270912,,1253399310,Bob,XUCPEY Esq.,bob.xucpey esq.@mitsubashi.com,Property Manager,125421.49633636407,2023-01-01 00:00:00 UTC
126457900,,1253399310,David,PEZZEF MD,david.pezzef md@mitsubashi.com,Maintenance Staff,57657.75751199941,2023-01-01 00:00:00 UTC
955681171,,1253399310,Bob,VAYOOF Jr.,bob.vayoof jr.@mitsubashi.com,Maintenance Staff,77994.58060779238,2023-01-01 00:00:00 UTC
576484874,,1253399310,Bob,CODXEE MD,bob.codxee md@mitsubashi.com,Maintenance Staff,88323.44135272513,2023-01-01 00:00:00 UTC
2071478215,,2120851954,Alice,POUBAO MD,alice.poubao md@mitsubashi.com,Property Manager,148957.44859537866,2023-01-01 00:00:00 UTC
1901583237,,2120851954,Charlie,UERPAK III,charlie.uerpak iii@mitsubashi.com,Maintenance Staff,60896.398028694995,2023-01-01 00:00:00 UTC
268087777,,2120851954,Bob,VOPBEX Jr.,bob.vopbex jr.@mitsubashi.com,Maintenance Staff,53076.73297206852,2023-01-01 00:00:00 UTC
1919542321,,2120851954,Charlie,TOPGOL Esq.,charlie.topgol esq.@mitsubashi.com,Maintenance Staff,64195.85110064993,2023-01-01 00:00:00 UTC
1273783038,,1637356298,Charlie,LAKQOB III,charlie.lakqob iii@mitsubashi.com,Property Manager,164663.78003526703,2023-01-01 00:00:00 UTC
1096912884,,1637356298,David,FOSFIW Jr.,david.fosfiw jr.@mitsubashi.com,Maintenance Staff,66712.61586174429,2023-01-01 00:00:00 UTC
59465726,,1637356298,Alice,BODTEM Jr.,alice.bodtem jr.@mitsubashi.com,Maintenance Staff,82402.52529720744,2023-01-01 00:00:00 UTC
669403551,,1637356298,David,KUJEEZ Sr.,david.kujeez sr.@mitsubashi.com,Maintenance Staff,91949.48039596452,2023-01-01 00:00:00 UTC
1050940991,,1637356298,Bob,RUAXOX PhD,bob.ruaxox phd@mitsubashi.com,Maintenance Staff,62964.46780724035,2023-01-01 00:00:00 UTC
1864433686,,1404277941,Bob,NENSOZ III,bob.nensoz iii@mitsubashi.com,Property Manager,148166.339121619,2023-01-01 00:00:00 UTC
1732747165,,1404277941,Alice,HALUUN PhD,alice.haluun phd@mitsubashi.com,Maintenance Staff,80438.86191298378,2023-01-01 00:00:00 UTC
1563478535,,1404277941,Bob,VUITEL PhD,bob.vuitel phd@mitsubashi.com,Maintenance Staff,68028.53393388061,2023-01-01 00:00:00 UTC
1513293505,,1404277941,Bob,KIWGIH MD,bob.kiwgih md@mitsubashi.com,Maintenance Staff,73370.22280958206,2023-01-01 00:00:00 UTC
1674165546,,1404277941,Charlie,KIBHET Jr.,charlie.kibhet jr.@mitsubashi.com,Maintenance Staff,78047.53319874614,2023-01-01 00:00:00 UTC
941140533,,1358241143,David,LUXBOP III,david.luxbop iii@mitsubashi.com,Property Manager,192807.6028803105,2023-01-01 00:00:00 UTC
410892260,,1358241143,Alice,BEFHEJ PhD,alice.befhej phd@mitsubashi.com,Maintenance Staff,63329.75238334108,2023-01-01 00:00:00 UTC
1617141562,,2037261486,Bob,NUJQEX MD,bob.nujqex md@mitsubashi.com,Property Manager,148642.6290990826,2023-01-01 00:00:00 UTC
1161800334,,2037261486,David,XOXHOW MD,david.xoxhow md@mitsubashi.com,Maintenance Staff,53763.388583915446,2023-01-01 00:00:00 UTC
248623120,,2037261486,David,HEEQEG Jr.,david.heeqeg jr.@mitsubashi.com,Maintenance Staff,87867.03748218299,2023-01-01 00:00:00 UTC
1548988387,,2037261486,Charlie,RUMGOU MD,charlie.rumgou md@mitsubashi.com,Maintenance Staff,64606.4247804273,2023-01-01 00:00:00 UTC
847022464,,2037261486,David,IEAAEN Jr.,david.ieaaen jr.@mitsubashi.com,Maintenance Staff,55015.90646648532,2023-01-01 00:00:00 UTC
1092953317,,369978346,Bob,TELFAQ Esq.,bob.telfaq esq.@mitsubashi.com,Property Manager,171555.35239657454,2023-01-01 00:00:00 UTC
1121816880,,369978346,David,GAJHER Esq.,david.gajher esq.@mitsubashi.com,Maintenance Staff,61880.909238528286,2023-01-01 00:00:00 UTC
791505677,,104293411,Bob,GUMKUG Sr.,bob.gumkug sr.@mitsubashi.com,Property Manager,181194.61383599587,2023-01-01 00:00:00 UTC
911423710,,104293411,David,NIBTOW Jr.,david.nibtow jr.@mitsubashi.com,Maintenance Staff,91045.37139820372,2023-01-01 00:00:00 UTC
1062802516,,104293411,Bob,XATYAQ Sr.,bob.xatyaq sr.@mitsubashi.com,Maintenance Staff,80380.80826410475,2023-01-01 00:00:00 UTC
1267780986,,104293411,Bob,HOTNOZ PhD,bob.hotnoz phd@mitsubashi.com,Maintenance Staff,96544.4867552692,2023-01-01 00:00:00 UTC
1701483638,,104293411,Charlie,WALQAZ Jr.,charlie.walqaz jr.@mitsubashi.com,Maintenance Staff,88086.08306809678,2023-01-01 00:00:00 UTC
1170224326,,1470126959,Bob,GEOQEO Jr.,manager.copper mountain@mining.com,Mine Manager,180000.0,2020-01-01 00:00:00 UTC
1156653772,1170224326,1470126959,Mining Engineer,Worker-1,mining engineer1@mining.com,Mining Engineer,120000.0,2020-06-01 00:00:00 UTC
1785728209,1170224326,1470126959,Safety Inspector,Worker-2,safety inspector2@mining.com,Safety Inspector,110000.0,2020-06-01 00:00:00 UTC
370744391,1170224326,1470126959,Equipment Operator,Worker-3,equipment operator3@mining.com,Equipment Operator,95000.0,2020-06-01 00:00:00 UTC
148785814,1170224326,1470126959,Mining Engineer,Worker-4,mining engineer4@mining.com,Mining Engineer,120000.0,2020-06-01 00:00:00 UTC
1727635875,1170224326,1470126959,Safety Inspector,Worker-5,safety inspector5@mining.com,Safety Inspector,110000.0,2020-06-01 00:00:00 UTC
1486133435,1170224326,1470126959,Equipment Operator,Worker-6,equipment operator6@mining.com,Equipment Operator,95000.0,2020-06-01 00:00:00 UTC
1416243751,1170224326,1470126959,Mining Engineer,Worker-7,mining engineer7@mining.com,Mining Engineer,120000.0,2020-06-01 00:00:00 UTC
1094986064,1170224326,1470126959,Safety Inspector,Worker-8,safety inspector8@mining.com,Safety Inspector,110000.0,2020-06-01 00:00:00 UTC
70221152,1170224326,1470126959,Equipment Operator,Worker-9,equipment operator9@mining.com,Equipment Operator,95000.0,2020-06-01 00:00:00 UTC
1403503545,1170224326,1470126959,Mining Engineer,Worker-10,mining engineer10@mining.com,Mining Engineer,120000.0,2020-06-01 00:00:00 UTC
899937147,1170224326,1470126959,Safety Inspector,Worker-11,safety inspector11@mining.com,Safety Inspector,110000.0,2020-06-01 00:00:00 UTC
108849955,1170224326,1470126959,Equipment Operator,Worker-12,equipment operator12@mining.com,Equipment Operator,95000.0,2020-06-01 00:00:00 UTC
921871707,,1619377116,Charlie,LOHNOU Esq.,manager.golden valley@mining.com,Mine Manager,180000.0,2020-01-01 00:00:00 UTC
530100302,921871707,1619377116,Mining Engineer,Worker-1,mining engineer1@mining.com,Mining Engineer,120000.0,2020-06-01 00:00:00 UTC
779233749,921871707,1619377116,Safety Inspector,Worker-2,safety inspector2@mining.com,Safety Inspector,110000.0,2020-06-01 00:00:00 UTC
516474648,921871707,1619377116,Equipment Operator,Worker-3,equipment operator3@mining.com,Equipment Operator,95000.0,2020-06-01 00:00:00 UTC
1429221961,921871707,1619377116,Mining Engineer,Worker-4,mining engineer4@mining.com,Mining Engineer,120000.0,2020-06-01 00:00:00 UTC
1189597451,921871707,1619377116,Safety Inspector,Worker-5,safety inspector5@mining.com,Safety Inspector,110000.0,2020-06-01 00:00:00 UTC
1688099098,921871707,1619377116,Equipment Operator,Worker-6,equipment operator6@mining.com,Equipment Operator,95000.0,2020-06-01 00:00:00 UTC
844752891,921871707,1619377116,Mining Engineer,Worker-7,mining engineer7@mining.com,Mining Engineer,120000.0,2020-06-01 00:00:00 UTC
792475962,921871707,1619377116,Safety Inspector,Worker-8,safety inspector8@mining.com,Safety Inspector,110000.0,2020-06-01 00:00:00 UTC
756865909,921871707,1619377116,Equipment Operator,Worker-9,equipment operator9@mining.com,Equipment Operator,95000.0,2020-06-01 00:00:00 UTC
838035131,921871707,1619377116,Mining Engineer,Worker-10,mining engineer10@mining.com,Mining Engineer,120000.0,2020-06-01 00:00:00 UTC
990656208,921871707,1619377116,Safety Inspector,Worker-11,safety inspector11@mining.com,Safety Inspector,110000.0,2020-06-01 00:00:00 UTC
1766649174,921871707,1619377116,Equipment Operator,Worker-12,equipment operator12@mining.com,Equipment Operator,95000.0,2020-06-01 00:00:00 UTC
314946885,,1789245248,Alice,ZIIGUT Esq.,manager.iron ridge@mining.com,Mine Manager,180000.0,2020-01-01 00:00:00 UTC
1439123490,314946885,1789245248,Mining Engineer,Worker-1,mining engineer1@mining.com,Mining Engineer,120000.0,2020-06-01 00:00:00 UTC
209475583,314946885,1789245248,Safety Inspector,Worker-2,safety inspector2@mining.com,Safety Inspector,110000.0,2020-06-01 00:00:00 UTC
108301851,314946885,1789245248,Equipment Operator,Worker-3,equipment operator3@mining.com,Equipment Operator,95000.0,2020-06-01 00:00:00 UTC
1371283320,314946885,1789245248,Mining Engineer,Worker-4,mining engineer4@mining.com,Mining Engineer,120000.0,2020-06-01 00:00:00 UTC
1543598189,314946885,1789245248,Safety Inspector,Worker-5,safety inspector5@mining.com,Safety Inspector,110000.0,2020-06-01 00:00:00 UTC
435963954,314946885,1789245248,Equipment Operator,Worker-6,equipment operator6@mining.com,Equipment Operator,95000.0,2020-06-01 00:00:00 UTC
1905804543,314946885,1789245248,Mining Engineer,Worker-7,mining engineer7@mining.com,Mining Engineer,120000.0,2020-06-01 00:00:00 UTC
966958699,314946885,1789245248,Safety Inspector,Worker-8,safety inspector8@mining.com,Safety Inspector,110000.0,2020-06-01 00:00:00 UTC
1231120832,314946885,1789245248,Equipment Operator,Worker-9,equipment operator9@mining.com,Equipment Operator,95000.0,2020-06-01 00:00:00 UTC
712250389,314946885,1789245248,Mining Engineer,Worker-10,mining engineer10@mining.com,Mining Engineer,120000.0,2020-06-01 00:00:00 UTC
1393170979,314946885,1789245248,Safety Inspector,Worker-11,safety inspector11@mining.com,Safety Inspector,110000.0,2020-06-01 00:00:00 UTC
978969049,314946885,1789245248,Equipment Operator,Worker-12,equipment operator12@mining.com,Equipment Operator,95000.0,2020-06-01 00:00:00 UTC
930819360,,1509019523,Port,Manager,port.manager@mitsubashi.com,Port Operations,85000.0,2023-01-01 00:00:00 UTC
1189991438,,1069451396,Port,Manager,port.manager@mitsubashi.com,Port Operations,85000.0,2023-01-01 00:00:00 UTC
805589879,,1148881892,Port,Manager,port.manager@mitsubashi.com,Port Operations,85000.0,2023-01-01 00:00:00 UTC
90159863,,959616655,Bob,JIVJUY Sr.,staff.JIVJUY Sr.@restaurant.com,Server,35000.0,2024-01-01 00:00:00 UTC
310808594,,1191732155,David,QEAYAF Sr.,staff.QEAYAF Sr.@restaurant.com,Server,35000.0,2024-01-01 00:00:00 UTC
462524647,,1190957318,Alice,IULOIZ MD,staff.IULOIZ MD@restaurant.com,Server,35000.0,2024-01-01 00:00:00 UTC
1323906607,,1180757146,Tech,Consultant,tech.consultant@example.com,Senior Consultant,100000.0,2024-01-01 00:00:00 UTC
1568642684,,474844078,Tech,Consultant,tech.consultant@example.com,Senior Consultant,100000.0,2024-01-01 00:00:00 UTC
1525353545,,1695387093,Tech,Consultant,tech.consultant@example.com,Senior Consultant,100000.0,2024-01-01 00:00:00 UTC
740253008,,450533921,Tech,Consultant,tech.consultant@example.com,Senior Consultant,100000.0,2024-01-01 00:00:00 UTC
1517498730,,PLACEHOLDER,Gaming,Operator,operator@gaming.com,Gaming Operator,50000.0,2024-01-01 00:00:00 UTC
349083161,,PLACEHOLDER,Gaming,Operator,operator@gaming.com,Gaming Operator,50000.0,2024-01-01 00:00:00 UTC
1815448791,,PLACEHOLDER,Gaming,Operator,operator@gaming.com,Gaming Operator,50000.0,2024-01-01 00:00:00 UTC
1503835494,,PLACEHOLDER,Gaming,Operator,operator@gaming.com,Gaming Operator,50000.0,2024-01-01 00:00:00 UTC
